collected_at,country,momentum,country_name,period
2026-06-28,US,43.79,미국,2026-05
2026-06-28,MY,35.21,말레이시아,2026-05
2026-06-28,AE,24.35,UAE,2026-05
2026-06-28,JP,20.68,일본,2026-05
2026-06-28,TR,19.94,터키,2026-05
2026-06-28,CN,19.54,중국,2026-05
2026-06-28,GB,19.37,영국,2026-05
2026-06-28,VN,16.15,베트남,2026-05
2026-06-28,FR,13.55,프랑스,2026-05
2026-06-28,AR,13.32,아르헨티나,2026-05
2026-06-28,ID,13.03,인도네시아,2026-05
2026-06-28,BR,13.02,브라질,2026-05
2026-06-28,ZA,12.11,남아공,2026-05
2026-06-28,IN,10.42,인도,2026-05
2026-06-28,TH,9.48,태국,2026-05
2026-06-28,US,49.16,미국,2026-05
2026-06-28,MY,45.49,말레이시아,2026-05
2026-06-28,AE,29.93,UAE,2026-05
2026-06-28,CN,28.92,중국,2026-05
2026-06-28,JP,26.56,일본,2026-05
2026-06-28,GB,25.09,영국,2026-05
2026-06-28,VN,21.84,베트남,2026-05
2026-06-28,FR,19.48,프랑스,2026-05
2026-06-28,AR,19.23,아르헨티나,2026-05
2026-06-28,ID,18.58,인도네시아,2026-05
2026-06-28,TR,18.0,터키,2026-05
2026-06-28,IN,15.67,인도,2026-05
2026-06-28,TH,15.18,태국,2026-05
2026-06-28,ZA,14.42,남아공,2026-05
2026-06-28,BR,11.43,브라질,2026-05
2026-06-28,US,49.26,미국,2026-05
2026-06-28,MY,45.7,말레이시아,2026-05
2026-06-28,AE,30.08,UAE,2026-05
2026-06-28,CN,28.92,중국,2026-05
2026-06-28,JP,26.59,일본,2026-05
2026-06-28,GB,25.17,영국,2026-05
2026-06-28,VN,21.69,베트남,2026-05
2026-06-28,FR,19.42,프랑스,2026-05
2026-06-28,AR,19.38,아르헨티나,2026-05
2026-06-28,ID,19.08,인도네시아,2026-05
2026-06-28,TR,17.8,터키,2026-05
2026-06-28,IN,16.0,인도,2026-05
2026-06-28,TH,14.97,태국,2026-05
2026-06-28,ZA,14.64,남아공,2026-05
2026-06-28,BR,11.49,브라질,2026-05
2026-06-28,US,49.49,미국,2026-05
2026-06-28,MY,45.67,말레이시아,2026-05
2026-06-28,JP,29.29,일본,2026-05
2026-06-28,VN,29.24,베트남,2026-05
2026-06-28,AE,29.14,UAE,2026-05
2026-06-28,CN,28.92,중국,2026-05
2026-06-28,GB,26.45,영국,2026-05
2026-06-28,ID,24.16,인도네시아,2026-05
2026-06-28,AR,21.74,아르헨티나,2026-05
2026-06-28,FR,21.52,프랑스,2026-05
2026-06-28,TR,19.74,터키,2026-05
2026-06-28,TH,19.22,태국,2026-05
2026-06-28,BR,17.03,브라질,2026-05
2026-06-28,IN,15.79,인도,2026-05
2026-06-28,ZA,13.14,남아공,2026-05
2026-06-28,US,49.13,미국,2026-05
2026-06-28,MY,45.5,말레이시아,2026-05
2026-06-28,AE,29.81,UAE,2026-05
2026-06-28,CN,28.92,중국,2026-05
2026-06-28,JP,26.53,일본,2026-05
2026-06-28,GB,25.35,영국,2026-05
2026-06-28,VN,21.79,베트남,2026-05
2026-06-28,FR,19.42,프랑스,2026-05
2026-06-28,AR,19.26,아르헨티나,2026-05
2026-06-28,ID,18.65,인도네시아,2026-05
2026-06-28,TR,17.98,터키,2026-05
2026-06-28,IN,16.02,인도,2026-05
2026-06-28,TH,15.1,태국,2026-05
2026-06-28,ZA,14.33,남아공,2026-05
2026-06-28,BR,11.38,브라질,2026-05
2026-06-28,US,51.88,미국,2026-05
2026-06-28,VN,36.89,베트남,2026-05
2026-06-28,MY,33.82,말레이시아,2026-05
2026-06-28,JP,27.83,일본,2026-05
2026-06-28,IN,24.11,인도,2026-05
2026-06-28,TH,23.05,태국,2026-05
2026-06-28,AR,22.2,아르헨티나,2026-05
2026-06-28,ID,21.92,인도네시아,2026-05
2026-06-28,CN,19.54,중국,2026-05
2026-06-28,AE,18.76,UAE,2026-05
2026-06-28,GB,14.24,영국,2026-05
2026-06-28,BR,12.27,브라질,2026-05
2026-06-28,ZA,11.6,남아공,2026-05
2026-06-28,FR,8.32,프랑스,2026-05
2026-06-28,TR,6.82,터키,2026-05
2026-06-28,US,49.0,미국,2026-05
2026-06-28,MY,45.14,말레이시아,2026-05
2026-06-28,AE,29.08,UAE,2026-05
2026-06-28,CN,28.92,중국,2026-05
2026-06-28,JP,28.25,일본,2026-05
2026-06-28,GB,27.29,영국,2026-05
2026-06-28,AR,25.5,아르헨티나,2026-05
2026-06-28,TR,23.95,터키,2026-05
2026-06-28,VN,23.43,베트남,2026-05
2026-06-28,FR,19.0,프랑스,2026-05
2026-06-28,ID,17.68,인도네시아,2026-05
2026-06-28,IN,17.65,인도,2026-05
2026-06-28,TH,14.42,태국,2026-05
2026-06-28,ZA,13.93,남아공,2026-05
2026-06-28,BR,11.39,브라질,2026-05
2026-06-28,US,49.67,미국,2026-05
2026-06-28,MY,49.13,말레이시아,2026-05
2026-06-28,AE,28.44,UAE,2026-05
2026-06-28,CN,26.12,중국,2026-05
2026-06-28,JP,25.08,일본,2026-05
2026-06-28,GB,23.5,영국,2026-05
2026-06-28,VN,23.38,베트남,2026-05
2026-06-28,FR,17.67,프랑스,2026-05
2026-06-28,AR,17.56,아르헨티나,2026-05
2026-06-28,ID,17.38,인도네시아,2026-05
2026-06-28,TR,16.0,터키,2026-05
2026-06-28,IN,14.14,인도,2026-05
2026-06-28,TH,13.33,태국,2026-05
2026-06-28,ZA,12.85,남아공,2026-05
2026-06-28,BR,9.71,브라질,2026-05
2026-06-28,MY,48.85,말레이시아,2026-05
2026-06-28,US,47.41,미국,2026-05
2026-06-28,AE,27.84,UAE,2026-05
2026-06-28,CN,25.84,중국,2026-05
2026-06-28,JP,24.96,일본,2026-05
2026-06-28,GB,23.52,영국,2026-05
2026-06-28,VN,19.99,베트남,2026-05
2026-06-28,FR,17.25,프랑스,2026-05
2026-06-28,AR,17.24,아르헨티나,2026-05
2026-06-28,ID,16.88,인도네시아,2026-05
2026-06-28,ZA,16.2,남아공,2026-05
2026-06-28,TR,15.6,터키,2026-05
2026-06-28,IN,13.9,인도,2026-05
2026-06-28,TH,13.5,태국,2026-05
2026-06-28,BR,9.55,브라질,2026-05
2026-06-28,MY,50.7,말레이시아,2026-05
2026-06-28,US,49.38,미국,2026-05
2026-06-28,AE,29.66,UAE,2026-05
2026-06-28,CN,28.92,중국,2026-05
2026-06-28,JP,26.83,일본,2026-05
2026-06-28,GB,25.38,영국,2026-05
2026-06-28,VN,21.82,베트남,2026-05
2026-06-28,AR,19.11,아르헨티나,2026-05
2026-06-28,FR,19.09,프랑스,2026-05
2026-06-28,ID,18.73,인도네시아,2026-05
2026-06-28,TR,17.45,터키,2026-05
2026-06-28,IN,15.76,인도,2026-05
2026-06-28,TH,15.35,태국,2026-05
2026-06-28,ZA,14.35,남아공,2026-05
2026-06-28,BR,11.39,브라질,2026-05
2026-07-02,MY,52.89,말레이시아,2026-06
2026-07-02,US,41.14,미국,2026-06
2026-07-02,VN,37.17,베트남,2026-06
2026-07-02,AE,31.97,UAE,2026-06
2026-07-02,IN,31.28,인도,2026-06
2026-07-02,GB,30.99,영국,2026-06
2026-07-02,ID,29.67,인도네시아,2026-06
2026-07-02,ZA,27.48,남아공,2026-06
2026-07-02,FR,25.92,프랑스,2026-06
2026-07-02,BR,25.6,브라질,2026-06
2026-07-02,TH,24.94,태국,2026-06
2026-07-02,AR,24.49,아르헨티나,2026-06
2026-07-02,JP,23.92,일본,2026-06
2026-07-02,CN,22.48,중국,2026-06
2026-07-02,TR,22.21,터키,2026-06
2026-07-03,MY,55.8,말레이시아,2026-06
2026-07-03,VN,37.28,베트남,2026-06
2026-07-03,US,35.66,미국,2026-06
2026-07-03,ID,32.41,인도네시아,2026-06
2026-07-03,FR,32.06,프랑스,2026-06
2026-07-03,AE,32.05,UAE,2026-06
2026-07-03,GB,31.37,영국,2026-06
2026-07-03,JP,29.6,일본,2026-06
2026-07-03,ZA,29.11,남아공,2026-06
2026-07-03,IN,28.19,인도,2026-06
2026-07-03,BR,26.33,브라질,2026-06
2026-07-03,AR,26.24,아르헨티나,2026-06
2026-07-03,TH,26.04,태국,2026-06
2026-07-03,CN,22.48,중국,2026-06
2026-07-03,TR,21.4,터키,2026-06
2026-07-04,MY,49.34,말레이시아,2026-06
2026-07-04,US,38.79,미국,2026-06
2026-07-04,AE,37.89,UAE,2026-06
2026-07-04,IN,36.88,인도,2026-06
2026-07-04,GB,35.08,영국,2026-06
2026-07-04,VN,31.27,베트남,2026-06
2026-07-04,JP,28.62,일본,2026-06
2026-07-04,ID,28.5,인도네시아,2026-06
2026-07-04,ZA,28.05,남아공,2026-06
2026-07-04,BR,27.34,브라질,2026-06
2026-07-04,FR,25.3,프랑스,2026-06
2026-07-04,TH,24.71,태국,2026-06
2026-07-04,TR,24.11,터키,2026-06
2026-07-04,AR,22.96,아르헨티나,2026-06
2026-07-04,CN,19.41,중국,2026-06
2026-07-08,VN,52.31,베트남,2026-06
2026-07-08,MY,46.2,말레이시아,2026-06
2026-07-08,TH,44.71,태국,2026-06
2026-07-08,JP,38.81,일본,2026-06
2026-07-08,ID,37.73,인도네시아,2026-06
2026-07-08,AE,37.29,UAE,2026-06
2026-07-08,US,34.68,미국,2026-06
2026-07-08,TR,32.05,터키,2026-06
2026-07-08,IN,28.95,인도,2026-06
2026-07-08,FR,25.66,프랑스,2026-06
2026-07-08,GB,22.4,영국,2026-06
2026-07-08,ZA,20.18,남아공,2026-06
2026-07-08,BR,19.07,브라질,2026-06
2026-07-08,AR,18.62,아르헨티나,2026-06
2026-07-08,CN,13.11,중국,2026-06
2026-08-02,MY,51.25,말레이시아,2026-07
2026-08-02,AE,49.26,UAE,2026-07
2026-08-02,US,40.85,미국,2026-07
2026-08-02,ZA,35.42,남아공,2026-07
2026-08-02,IN,34.78,인도,2026-07
2026-08-02,GB,32.82,영국,2026-07
2026-08-02,VN,32.69,베트남,2026-07
2026-08-02,ID,26.89,인도네시아,2026-07
2026-08-02,JP,26.13,일본,2026-07
2026-08-02,TH,25.81,태국,2026-07
2026-08-02,FR,23.69,프랑스,2026-07
2026-08-02,AR,23.34,아르헨티나,2026-07
2026-08-02,BR,22.82,브라질,2026-07
2026-08-02,TR,21.94,터키,2026-07
2026-08-02,CN,15.91,중국,2026-07
